address,value
0x00929C5c2c4f00B540e429247669Eb6fcd8b1DBF,0.078167824
0x00DACfD769BC30e4F64805761707573cB710552c,0.023909345
0x02074994a0C082f8eA4448f4fC2EB0Cce61e9443,0.000143234
0x027DfA380503A2BBc4e4691a0ffc10f81E00536e,0.000237438
0x0362630a31ebc56D06Db4606EFb19f26F9703a66,0.001175537
0x03894d4ac41Dd6C4c2f524eD4417C90fA46972c6,1.87E-05
0x03BC229A2F93DBafFBD7F1e527fa834F53c074A3,0.002945643
0x043D12be94AB0ED6D4a380C175CdDb1d32cd9642,0.010128758
0x046f601CbcBfa162228897AC75C9B61dAF5cEe5F,0.001110464
0x05e818959c2Aa4CD05EDAe9A099c38e7Bdc377C6,0.000954467
0x062132D1FEc4fdC336b44c8B82A8d688F92ADD8c,0.005904233
0x06a4ED9E4D6eA181CF300daa914008A03cE49579,0.001804081
0x0736d49738F2EEd8ABF86Cf51c532b0CB65BF077,9.07E-05
0x07d3067BE1F52B3D4d12Ee7ca3EcF74Cc9668dF6,0.000984342
0x080c9B708588c103034F22898212164f45eEC1a8,0.009798344
0x094a2ED822BEa563b622652FbD85f1b34749d02A,0.007946012
0x09700d103f4C4A13Dba21275a422D93f8271193F,0.069986259
0x09c64a95c610E7bf78EF481eA9C4Bf6756aD5351,0.000280602
0x0A18Cf21A902afF079375Ed2eBCb50Cfd6928337,0.02394994
0x0A90603084E6B81473951D3FC7ED94346d53591A,9.11E-05
0x0Ae3d5949202165584A270cbac7A733b0307a766,0.052001282
0x0B22F9E331FaEA856a73058F31768609CB34Ba48,0.03723902
0x0BB31C6278d58CfF41B7e8Ed3B20f76424fD69Ad,0.008269441
0x0BD796De8Aa0590Fe1E9485817B8E3cF396D4746,0.007263347
0x0CB5D3dC004b0c9E14D13ED9cC94c2fd219223Cb,7.58E-05
0x0E21B52F2921d66d8120287E162D3119c5065b26,0.000503121
0x0E8c4dFe752352327623f9D5878C16222e6089db,6.50E-06
0x0FdA6deE4165Ac4B07a144ae059DEFD639f29880,0.04732897
0x0a0be1f6F9cbF28B2b2380486FA9C8e532F8783B,0
0x0a8f4E308B17F836eAb6493F42E48ac07D30946D,0.051356875
0x0aE9C24C7bd068346547f9688701ce6021d8C4dD,0.000119118
0x0dcd149D8a0Bd20305E848DEc11E7A568f7B9209,0.000576167
0x0e821333caCD44ED6356e23b6CDF3534827b64F1,0.000802
0x0f0d49Fd19Ee4A83455D414F79DE823bED0b4351,0.000652509
0x0f8361eF329B43fA48aC66A7cD8F619C517274f1,0.003573576
0x0fb3565B50eea3d6EF1bfd60Ee2bb23FD7fC6F83,6.82E-05
0x115C5F9383DC31Fb06C4B5E457dfE24B399E2A99,0.000119117
0x11fbb9Cd85181A3c6e73528aBF1Fe244467DbE75,0.000503121
0x120532A36c2E0c75AE400989C2B176fe87e456D2,6.076733903
0x120EbFE81c44003cd5351731709e30f9681dAF74,0.039343056
0x1290475fAFA93A8327593027cfac756f629222b3,0.002278195
0x1318FBa089731549275532137F30ad878CeA9e49,0.014008941
0x14338086f9Da088cF2d67cC2D6aB689723B555Bd,0.000178798
0x14c99531C09d72bEE19e762956f577E95ffef918,0.000841856
0x162FBD227Db73c80B60dC59E94A5F37Fc492A017,0.018722968
0x168A9E6D755b79f72215D035a2773b2Ca7EC4daF,0.000663478
0x17170f119346c85E519CaB1b0901EE7A7c581D7b,0.002928497
0x1795C5d51eadd1D85482467d25dA72223c0D8413,0.014588993
0x18A164fa672FbCAA6083511d242D780f17136B02,0.002900875
0x19282E37B5319727501e9577D79dBCDF43803883,0.173304604
0x19F03A67035CF05C55DcB59Ff9c75C4b3A3338b5,0.000199109
0x19aCD0E64FD612F87E65d74C6c9aec8c39ac3887,13.51418089
0x1A60eB1065aEa0D4b78cE2859b6977Ac417D3Aab,0.000431845
0x1AFf278bC55857e4E727E326a00acf0995176fE0,0.000346722
0x1AbEf1717803CE81190aFA035a27Bc67F6Df395F,0.000761833
0x1B6c1169fE731d7E3868ab3b7aF9068c42bfa734,0.00068153
0x1B99f1E2B99E6a290047DD3525D1Ea6CCf0F0656,1.221571006
0x1Cd6a27aD851146b43b952C405F09A637A164018,0.001057559
0x1D2c4Cd9beE9DFe088430b95d274e765151C32db,3.294699599
0x1EF8A0024942433871BA035BF14E4015e7583a77,0.023143028
0x1F1356Ff901845f4A57f87cEDA516825b4F251f3,0.324242049
0x1a2F2405Ba4D5f3c68c413D136AD81617DBacF58,3.340654551
0x1c9cCc6aF267c3263ff1B1AdD613326C8b349916,0.000262791
0x1cA018C20FB01b40F7Dfa52258D620A6a0ed3769,9.96E-05
0x1ccb144B700EC726d37Db38c617E154De6d9c0d0,0.001267032
0x1dF4c04D9C4247bEdF051E73730C46A03C3d3050,0.015471203
0x1e59636DCBBE879f9DfDEf2ef40eB3178f723885,0.036532045
0x1ee1C3a8F574980348C4688B53849b2a9c72721f,0.000248149
0x1f259288aEfc9bBdbfD0cf0547A086326f59bD0c,0.12641303
0x20549E873311B008879Fd6020DF7037200959cf5,0.000516604
0x2117eB88300a5Afa11Ee55e3c4f2FF0157718bD1,0.003918121
0x214E4DD04AfDD148984ef3cB7B4E4959ebeB1f48,0.009507083
0x21C30d17D9e61Ce139DFd2A3d167C5752246b938,0.088424685
0x21c37Bb6411AF1cd2c3750Ff96FC9Bf5A2BFA9e4,0.001681256
0x21caa3351430944CB7f31998B0eb199bC2C3112C,0.002169735
0x227ba5CEcD72C261c297015C1114E050B6e50F5F,0.000662276
0x22f6EDb55790B0Fe841C5BA9aa30792ebcB55863,0.309447369
0x22f75714ce2d043036754a7D645E1BE1AFd43538,0.251517562
0x232a2749BE06e0E462C7a5264FEDfC38126a1fFc,0.02281989
0x24756c636B93F35f64f51cfaE29F6cDDD4d0bc17,0.000899109
0x24c30D92E1F64b9Dfe5Ceec4330D73e1E1380f25,0.059098635
0x24ea805a2403cf9c0602e35782B59Bc3DBCe87F3,0.015721739
0x2508fF6830171D770e7a4ab8b24C29Db1125a354,5.42E-06
0x25B9f3Bf60c74a7041115Cf6Fac3Dc3715b2a8Ee,0.07607526
0x25c4e04ea5B4fFf2dA67c4df3EEE4e12ff309e5E,0.000282668
0x26506afE2809266719E8557d3fdD4a0359295A7e,5.52E-05
0x265294a3abCd8Aacc36dAF3d15b9044b1f6B17AC,0.006621718
0x26FDc242eCCc144971e558FF458a4ec21B75D4E8,0.002771423
0x2795238cF91D1fdD2fB15F81D93a4470176D098C,6.64E-05
0x27B0FC6C4A5a0Cf213a570097279a5bde61214d2,0.005059285
0x28462AC6B9D85d675C7e88252742BbD794720799,0.000772199
0x285A14bB09f83Ca47836881BCf28f30b258c4196,0.022479123
0x28D5816F981C7C310c23dF37767e80Be67ce6113,0.467311135
0x29211f9b98b0AB9Ce4dB642ee4E90cec05d95A7a,0.001104563
0x2993dB31D165c33D848e44A1C26a805bA411d324,0.0004877
0x2A149dC9A2d3517029209572c60f1C1C434656A2,0.271513944
0x2A4E6c78F12333481a6d932bA526eB56bD64f008,0.111665247
0x2B275cCe9c6c7F15e3Bf6aB7428B9262C9a0586d,0.000122903
0x2BFe66759f0331066F3E7D57b3DC9a96bfC17927,2.012070708
0x2CDD1f4Ec0Bf998eb8caEef79723Ad5b39d90faE,0.000208199
0x2E6F947e1EAC46830eB5Ed99B1bd2ab49f10F5dE,0.021240815
0x2aC2777057Ac5cdD9EBCa767a362f840587f15Fe,0.000503121
0x2d19f32620F647d08Fa8B9a0FA5206fAE15C0ED5,0.000434123
0x2d1EF4aCf4cae6a38950971AaAA15f88D9b3f165,0.012378917
0x2d3D74A15dfCd5e890da93f05aA5A60Bdfd679A6,0.000307506
0x2f293a6aB7B28722650F604D20Ce9925Fa827C31,0.000183515
0x3085255A678Ab8Ffa73f2a279EeA547E1b684fAd,0.00083906
0x30bF85E1d0bC7FDEDcbEeFf39225D8037cb0cb7c,0.000969161
0x3186A49932a0652f2c725bdc11F248FdEd8362dd,0.000274001
0x31D4bf1A0e8D6A2361E63781E68E14671BFAd78D,0.000119118
0x31cDb470154238D2D1075a22BB2eF3Ce1fb093d4,0.016699963
0x31e5729FeCf66C769809cefF9e8BEe1942E570Fb,0.000576232
0x324E0b53CefA84CF970833939249880f814557c6,0.320733573
0x3250E201c2eB06d086138F181E0FB6d1Fe33F7D1,8.600298551
0x3291f89461a4C1981a57940F2fCBB6Ff4362888D,0.000432683
0x33372fb9EbD6E6AEE0A29FC674A2bABAc707df53,0.001469998
0x33A9BF6730d54eb663BbDaCdb99FCb9BA19cc2FD,0.000101493
0x33cB1DE40587f1D702136f4979630E81442124f5,0.000364638
0x3420C19BCd121E6fEbCC20Fd502B14A71C2F857B,0.002019133
0x358AF75741F75140FAEDdE986e5d21b11724Bd42,0.011785184
0x35bd2188144B5Ca19ba5f7cd31deF33Fd33BbcE1,0.037530078
0x36410Ae136E07Af5C99ccF97C8E9398558f82B54,0.000706902
0x364F4B2eEe8920b6E476Dfd4e531B6fd6bfC14Cf,0.004341134
0x36716D83e2Ca16299aBee013db6df410Cd1C7dbD,0.021890419
0x368C4E8933cf3577CcC394b4e05b4E03691493f1,4.238902404
0x37335c7911924909e2c542282bE3474b7F6a70db,0.004734195
0x381351f693Da46e3800897950720C0aC6B89C78A,0.000447573
0x38661118653E8Bf61D50aa517742154baFE4B493,0.000631689
0x386F26F06D5db85FAe793C031e9880E7cBAAFaC6,0.047132497
0x3873F5e82ee3A84284ac6b95b2E3d2D43945aE1A,0.001277375
0x391117F116c15eA7EDFeEEc2a38C0596905433D4,0.00013518
0x392966180eA6890ab35C99aCBac2Cb4e5340505d,4.24E-06
0x3977263f2c5B49c47B911bceDD36F4e95Bf6668F,0.002501457
0x3A8315E25378CE9fC0d3279B26ec0576de52C0Ff,0.075808314
0x3Ac0f6c7a58974E7fE24df4bFAE7DfCA70F8B223,0.000419619
0x3De5a2F7709d7689E459D5767AC86848cc5e7e36,0.011886939
0x3E4A46a72cD7f9d66837B8b6bAeAAC4b9Ab2B8a5,3.79E-05
0x3E7C9C55d04A8365659Fe0a9069c5b7a34e4C5Cc,0.003968332
0x3F8e1e1b8dbC1fD730b5Af7a390c92b08f1134be,0.001066521
0x3d48e4396Be0959cCB30A86EaCBD56496F5cfb58,0.041415741
0x3dFbf91798b6C24B9DF31C6E291695E831bb295e,0.003910921
0x3e00395e522a8B62f905521B22d7c624aC2b246f,0.000346723
0x3e91f597F3dA2720c342a974cd30773994C63727,0.108509132
0x3efd3b195366d901B24f085340F60b3F4785609c,0.000119118
0x40DC43631BC8aDB37d449E563e6E4B70443D61EB,7.58E-06
0x410a0887cC91cCf1e8Db56422b9a5D8B078c2200,0.007939707
0x4127b2d364a8B1a10afdA5d63c95253Ce336c09B,0.00031865
0x4291C64ca6524465361912847De6503a4029C88a,0.000957166
0x42e1f78B62eE5D134cC20d25e17369eB8A513a3d,0.000578583
0x43134FC31786c8B7254FcB7beD00faFC4BdF273b,0.00023743
0x43767496AE21f1C8e7FBD70D2138e757Da8b3480,9.020086999
0x4426023bbeaC104ea9f6f816c979f4E39C174957,0.14974995
0x446Ccd4633512f321B400cF89c1877F8307F6C26,0.004428908
0x448FdA59Cda7C93d8E4476AcF0847f27e9E2C605,0.000359433
0x45892DFBDa3b9cE0513412168a947eca8Af21A1B,0.000933507
0x46c678d16ae9A7e48e91725F27605efd282eC168,0.001494187
0x46eb53Ff661445bB03EAef38BE61a21f8EE88B76,0.00059405
0x47748c421a0926d692101245785a711EC1870472,0.014819795
0x4789f8ED86858dd6879104781293A98569B46b16,0.001295541
0x48f88A8D8e4a9dFF33C0A4D857a81A189C2d6e07,0.003687415
0x49084125E425eD84a81e97F866043Ba413E959b9,0.036783353
0x4925c8d00E2c94dd9B00d299B249d3Fa6E1C2bf4,0.004167084
0x4978d237b4C6e33FF8c6A3E24710FEf0CeE45F87,0.004810972
0x4A34CC34Fa9D6051B008fAE665cD67669188dC35,0.003339071
0x4A3e87e105593F4d59C015c68814c11E275D4977,0.000173352
0x4Be80A823e619Ef57A61cc19B6bfB72974dF0604,0.004107496
0x4DAEf97203Fa6654F6338872DA5bD1EA2E879533,8.00125835
0x4FFC3884669E442e5d2F687B2C70504D942ba129,0.000339365
0x4c00f62943546975354d3460D1759189460B44E7,4.582529864
0x4cB780Fd3286f2d10199B61423D1c804BD2a5D2B,0.000714507
0x4d5aF8CB8fB232eBb2cD051F147fde2af00327B0,0.02896357
0x4e8Ef8cF0a0790d6876E14C44299750658ae55eE,0.001865017
0x4f136028ec25350d74Bd963b5c22b9aB4F622BF2,0.026187215
0x502aCb52412b86DDB31DCEDD921Fe9FD9dAE7A66,0.000439966
0x50664edE715e131F584D3E7EaAbd7818Bb20A068,0.79563176
0x507fd5cd99F30648E155aEF4672B3484779AC6C7,0.019309638
0x50dFdF7836C90db447Ae6DD83a3EEE2B0417d051,0.049583856
0x5138AC8BBD07548326AF2FbE15be8dEd90F4a9f0,0.000437243
0x51EC66e63199176f59C80268e0Be6fFa91Fab220,0.377624797
0x529408a6962Bae6Ca5328874d633738116B89B05,0.002937512
0x52aE08D07Ad9908214cC0E0089c2996EBd93419C,0.000260471
0x52c645154fc771a365A8Aa385Ac06C5dBAE59BBe,0.000205496
0x52fa2Bc075Ddf5B2B601B4906E171658e75379D8,0.00107549
0x5397B34eC5b52646279aBaaEFF41De2c14c64089,0.000119117
0x5479db63D86520aec6b6A585b8347075924affFe,0.000381242
0x54A737AdA8249f011373B799245Aec941E30D9F8,0.002606874
0x54e6627177165Aa7b6F31752c744c306FaC993dB,0.001569661
0x551422587B5E492553Bf7500FE6e22fd0C9ab7Db,0.023291584
0x5584cF54ADE7C81aB6d6Bc870C714F87FC0a7721,0.001938356
0x55DAb24a8eC60BA86FD8F295Bb4dB603C0911d4E,0.000325589
0x56Af52A9611AfDA072A73aFd0e1FF4c4e35eE94a,0.332430967
0x579435914E1d9fC5eAC3Ab6C15Cf6Eb7CBc09669,0.002265334
0x57BE998a9fF5fb63b596b2f44AC1EcfF0F08fc0a,9.60E-05
0x5821E81CBc8B030e0604a925dCDD5Df4EfCc1bb6,0.013786621
0x5848CeA7017b0D367e7FcAa17Ac2Ee0aA3134F24,0.001031485
0x59540FF5F90D3FBfc5Eb4AeEe8B7C10615a8F368,0.000263018
0x597dA53a39ea634bE355E6028136B5E5F28C25d9,0.051227449
0x59D6779Eca6c91eD7679E261b54299b5155EAdF0,0.094522233
0x5A1b8d6A57445deCED8F816310fDB0aA6367cf10,0.000966477
0x5A72BfaF8dD5b251bd008fDC0b4656319Ac0509b,0.002051945
0x5A8a9e57f197778A7E36E26E4f1bce94Eb1F95FC,0.058335028
0x5C44368C0Ad4C446842738BDbf8f2Bbf9876546e,0.07884635
0x5C557d11d8D3dC436739276E39E7075359302848,0.00026753
0x5C7975fA3B0E1ECc47BAaD4596626aa2c1089524,0.004473132
0x5CDB2aDd6751885CE36266021294661043e30382,0.000100453
0x5D0aC389c669D6EFE3BA96B9878d8156f180C539,0.004467701
0x5D41eDFdcdB2e2F0c31E98E960acb11c02Fce6a9,0.29997758
0x5D9bb765C81E6CFd4c8a23d13C54943F31104ea1,0.005723428
0x5E459B0E5F0E4DF91b5920D8f128bA43690CB525,0.052135651
0x5a0dC15c9EceCeded97c7B1121461EDc623a0349,0.013564626
0x5b90bDD11D3Dd8Fee180a8fB80f42a70Acc22906,0.000223348
0x5c2B50161378A460B246a71e9dE1BE20cb1491b9,0.001196027
0x5d4f320Ce7Cdc29d68843caFdB16140686a27320,0.001565411
0x5e3b906074a29dD2Fb1D9ab304BFD927f603B720,0.000398396
0x5eeA118E75f247014c6D0E990f02a0c254EDC852,0.262853225
0x60924CcE392bB442220DB8c867DE4b56B6A8fa33,0.004650548
0x61158Be08b84175141619472c7134a4193E3747e,0.000402779
0x61186906875e8509B7FcF519a69a648C341e2600,0.003383245
0x61eBDc8853b2373E593940459AeBA243e35F60F4,0.000494183
0x626399B21b897ddCCCb3139F5a09cb5959C32036,0.054057366
0x62AE5d42272ad58ADd921F2758868143daab9616,0.002242244
0x62e560167c333fb919034D1bD3A286F3104B0d3F,0.002600853
0x63122290895127671A36fDDac94087DD44e3A99C,0.000897692
0x63685739AA93dE15612e29A803163aea10ba74c4,0.25151752
0x637Ac1aa703cd906e832EC1309A2A85259587e97,0.00020466
0x640E77d985d9462c4344d33A49fb3CD54040F2E9,0.089817111
0x641f2f8cD5Fb6CB50a49c22247B065CD893a1FC7,0.000116605
0x64CeE1ebA2A47A5A8daE820834B7495ac371B07d,0.000108611
0x64E10c8fC056AE0d3d2ec27fd163277b1cDa9328,0.90062029
0x64cab4a793F50c58841fA6d50d4F1109270ADb99,0.000119117
0x6545a8cB2d809f8488e89480DF5055Fb176aa318,0.000356081
0x65552b33466F2Ec724a343DF03306F3cDb50E731,0.002413759
0x65685914465E7F6E70624b8bBD1c66Be0411923E,0.035649844
0x663736e59082689046799b2fd49e724A84b51d7F,0.007877408
0x666E0Cd3CB8eA51c1bfb1d43BAb6950904482308,0.002420018
0x66C97dC031bB2f6aD421CeF7b01De0CA2AE4fe64,0.0027717
0x66bC30B2fa07B5039C25A16d2c290F4Fd2C85d72,0.008484006
0x674F357BE1C16b6E7E29e1ecf3565Fe876D7F5eb,0.013275712
0x67eb87fA6f2a81F864575B3930292A322B5Cf9FA,2.702480822
0x6837c97a63f5f46bb2CD65Ea22AB69b3D0Ea33Ae,7.63E-05
0x68889e98A947501CAe1f7E2FB4B771F0234575A1,0.027079703
0x696F637A5a5F9CC9795D9c597287571F3333e14F,3.73E-06
0x69eE3E2d622c8371bF736F76412eE251a1cF6739,0.004173839
0x6A9bc308D04dDB0fEdeeCeC64B843161e72fFa38,0.086378116
0x6AACE63636b0D109dd0Ac71565409f337Ee9ACa8,0.000305308
0x6C1bB12D45851E34e63D3aEc1367702A2A01eF9e,0.001458398
0x6C9C5ce574F160a45bD8411e20Fa647C2b112A1e,0.01197303
0x6FB4dE82D9552BB2633C1D9B461fc665c7260473,0.027029266
0x6c71Fd9e69630EE25Cdf7adfEee59476C830d02f,0.004670432
0x6eAa0dc601a4C273856fDFCC51E4e4A6E6c44559,0.000715925
0x6fF68b4000308E946DC5b3CF009ad42c01313bDB,9.26E-05
0x6fF85c6208eE8a3bC484f73A9b8f2d55B9B01C00,7.58E-05
0x706D961Ab69d54a0FCbaa13E77842279A5724139,0.035757589
0x708621feA6a3e127f775886f4fcC5A7EDC6cc736,0.023305723
0x70e439584Ef1BA300106b9c16543eaa1DE676Dc2,0.131794532
0x7142303E564c0a0c466B51495f12d10c2DBc8B99,0.001238571
0x7212669FA095DD654aB5231c817BE8980863BF01,0.005012481
0x72c30EcA62CbBb7cC80201333Da70B1ad84AD70a,0.000111447
0x7425619F9D60678e8fC886C1895C90BbE810b20B,0.001726709
0x742a125BcEB1545EeD69a589D8676159e5A69440,0.00224224
0x74E63d73F64Cf9FE29963a25203005670c7A6E25,0.003311695
0x74a64c78657F0b753035CAE35cbCa76Ac029827E,0.003229981
0x7565DEdDCB83a14B185eb9520914bB918cDfE983,0.050898374
0x75Cb505B4fd56B4361676CC2Ca2788b948AB5604,0.003918121
0x767A60F295AEDd958932088F9Cd6a4951D8739b6,0.023290137
0x76cAbCB35A953912F95b47ef2285A156d527C709,0.002743994
0x77693Ff03FD85F9181E5e577b8CABfdDaC00880A,2.934533934
0x77956a9D1b9901BbE4CFC2ED37DB17500Fbe7B0C,0.004239467
0x782B10dA1a95aAc9F04D5c3083168aadb48bfdc8,0.000926751
0x796fd1b1a79915b801606a909DB3ed025322eF64,0.000598534
0x7A3518fe642B11Be76Db809ac5df64a4ED0855Ba,0.134467723
0x7BF86f83826C18ce9752ae22365176Eab17DB488,0.003166564
0x7Ba080516dBAbe9fafc1f7F548F60d27e6932c48,0.000222987
0x7D9f65ECE14a587Fc4F8cde81Cf321C56FbD0203,0.000204591
0x7E9813842CDa770b3F40F3d6492aB2aa890fEDAD,0.026007071
0x7Ea9b8ba0d889Ba42458f657Ed27244AD593dfe7,5.77E-05
0x7Fef0c06A743875A1b470b7e00EF54dBEc40dBc1,0.001229109
0x7b89E5624b71Ff104A69Ba232b27fAFE803D7263,0.000152506
0x7ba2ca2402c68412dFF925C97B9b88D65Fa678B4,0.000121004
0x7c9eDC93Ec8B80b7dD1E548a476c6DcF676549bE,3.183779035
0x7d1cD547A7d814301215747fcc6Fa534475dCC4e,0.032799036
0x7e54b31e400D9b3B9E7bf7d47E9a5AFacaabfB98,9.73E-05
0x7e86d59a71189Cce55F692B14Ef4Bed389aB2712,0.013105203
0x7eBFBCcC0d779c5C9628dB8268D00d1Ecc79aD6D,2.38325212
0x7f45A8eebdCc5c89f00bCc4E64D00174EE9FAdb9,0.000271982
0x803f4A26B35e20f025eA47bBA26cA0C7DF60C4de,0.000348072
0x808A023B72260170c95d831F589A1ae0DCa1e43E,0.323944468
0x8134ee988ef47C193cDeAdAC7D870024e72E405e,0.002320693
0x8149DC18D39FDBa137E43C871e7801E7CF566D41,0.004495765
0x8180D59b7175d4064bDFA8138A58e9baBFFdA44a,18.16028622
0x81D26560eDC164ac624Ee084c65715A54C6F035E,0.000847857
0x81aA6141923Ea42fCAa763d9857418224d9b025a,0.006436727
0x8262267B55aB184f6B303E7e1EF260Dc5165b5bF,0.000339455
0x83a252160b09d3e6cCC7d34DAE0A96143cBEa2B1,0.249550087
0x83c9f34cF833517a749cC7c4b7f979791f65e640,0.002917792
0x8421b8eb9122d638C9ffcF5389f911A13b26F03B,0.000355242
0x84E01061fa6b69C1629E3578d988eb20CB73A677,2.221882381
0x8504A09352555ff1acF9C8a8D9fB5FDcC4161cbc,0.001721664
0x85207850A88a7aE01bE6A721f1e7367646a27831,0.020543911
0x853C61b59f1479860A601aCdF40CE05D6c93f62e,0.023645246
0x85447407829Fa2DEb31E10beEc8F6F40981d7F44,0.092320862
0x860703C2AdFA788EB41083DFe4632834B907a1E1,0.000439966
0x864aee5dC6410c77df812B2721780952E9568328,0.000232922
0x870834De64BE159d381BE61755aEE333b2814Af1,0.000119118
0x87D9C2D9990A9f3A18F1377Ff20d9945F9eB3792,0.000873384
0x87Ef7E4A41847B8c5a0A188362991A33c136Bb69,0.001423152
0x87dD55828B2a4F4b750aFD504a5d9d2561542564,5.16E-05
0x894740526d04071b5BC4227A174a9230E4D7f44B,0.000136689
0x8Af71a7022385D78b5167e31fdeb5CB6576130fA,0.000119117
0x8B64673c9a482913a6e2c1298637532947cD96eE,6.397827229
0x8F8B4759dC93CA55bD6997DF719F20F581F10F5C,0.007546749
0x8adFc6e6E6DA6Ed9aF7F094B3f3115ED72048395,0.001510229
0x8b3ad5B180C910AABCc945adE58007dEC2Be2032,5.42E-06
0x8b65FF74d2f1d9b31D647c7719895e50DeeEda69,0.001748644
0x8bcF9320497028119Da1c99525d19A9f0d86f92a,0.002630074
0x8c302250f1F5f4A933b7a62B52E998b0a40C3917,0.013783711
0x8caa7eBE5C6Ae6087fb65315d1B5aA7AcD33b854,0.064885416
0x8e0150fe8DB6c46CFc35148B533F96478E243f0C,0.001908887
0x8e243e860461a3051737Fae83aC1Ee4b35838B87,0.055858435
0x8e9B650B79bd28f324f5B26D6dDBA594eb237cDf,0.103931015
0x8fe15c0213A59C618d085f05FfFE7e683b63E0FF,0.000119117
0x90342390bc17a0aBe956c0118e48644BD6D74451,0.000119117
0x9232F85A221c76c2EF74814496b67A478B1128DD,0.00108401
0x92694535A2857CE4EC97384e976bd4922915E29f,0.000119117
0x92b58C17534BBEcd8e5Ab190058eb35Ec3E86267,7.58E-06
0x9354878eFaA0D6D821B7264B22672423E89f0Cc1,0.005036211
0x935914AD4A126647Af35378384D70c741892a5Fa,0.005637323
0x937b742a057EEE2E5fE3cAd18026149a08b9F7a3,3.79E-05
0x93f528db82229f5340501185AAe3e39eB51CeC1c,0.000208259
0x94EaA06a87eF50Fe03dcE42119c0189F8b6d85BB,0.000427001
0x958b6ac6A7CeC484352eb88a8b71Fd90df316791,0.013487568
0x95F50Cf888dFeC90321dC376c1E695F15B081595,0.00022282
0x966Cf5cd0624f1EfCf21B0abc231A5CcC802B861,13.75915374
0x96Dc89dbE84970ee42A2F0B35fB50599e6745FF8,0.006081901
0x97173305663E812531784662bABcc24C79Bf1b94,0.000119117
0x97D567EA6062dF0B02b88092f1a5A28a9Fb8b984,0.243843213
0x97f0978c18DE9B61840d4627040AEA796090343F,0.011847403
0x980faC1078bF614FB1D3515068a20c077b30A5Bd,0.021136823
0x9826b13Eb6a267eEc5AA5021A53a3FF695fDeCBD,4.77E-05
0x999DfE7638AB51Ac81E1361f0Ae20CcA2B687aA3,7.00E-05
0x99A8F1682Ca7d1cA2674be8218c2054095270684,0.001904564
0x9A8f92a830A5cB89a3816e3D267CB7791c16b04D,0.000456017
0x9Af991c12c185a688f05f62eD129134436610138,0.023320331
0x9B0743D02a6ac8F0e69bB0bb6a820f7Cbbb76E3F,0.000215196
0x9C308DB44641802FD4BF697f0114655083C2e399,0.000556418
0x9Da98Cc8e38cef116e3Db6C62e495A524400BA3e,0.030409676
0x9F9EBCE72C0715CdbAD4d589986EB22F6782A1CE,0.021382897
0x9c338C74e098C470643Eb573d67d4F4F78Df49F9,0.328571754
0x9c7d894a29F97636B66DEA646A1AE2F9c83a2830,0.290423941
0x9ce7C6d8A50319A6ce62084dCF55F00044582c29,0.001785203
0x9d5009a085e3dDdAb3820b5A9DCC09BDE6C73A6D,0.001010511
0x9e564eE88d06f2D63815776c4562e01aB5b3DA8d,0.359334183
0x9f7898Bf124Cfb63B6b59270FA930Ed63dBb5a46,0.201967689
0x9fA10388D2BB8b7d8a2c8586772876D6302D4cB3,0.000994926
0xA0047366cB7DC1Fb9f514913f734D8497CA71237,0.000155788
0xA00c99F5f955552742F1089deD88ABDC74E67Bac,0.304058807
0xA0c35b4ccF7c53Ba44B3784fdB7e2c5528Cf306f,0.001184489
0xA1a485AE7C3d6a3C1990cC9d2F053977662b576B,0.0002135
0xA233Deb08bCb3a54B183749398663DaD0eC4B55c,0.003488701
0xA25f2D38cB91F53136C25E553641E341D1cbd07f,0.001197197
0xA30e48C7826Eed00223224DfDe038347B983f0f1,0.002628588
0xA65B19e3b7Ef31f73B7A98016F228906902C2cAD,0.105344856
0xA66F1d21A71242CF871128e78D367113D2e88A91,0.000119117
0xA6F32ce4945f9Def50e5155faf6bEA10278C2327,3.91E-05
0xA7E5a837382C4B2A484BD2AFAdc8B5A5f6d74e87,0.015552121
0xA81fAca1A89fe2268b5E91084CaeC82c9387fd0e,0.468599518
0xA8F9B278A9D4060c0b6cff0b2eA923bF16911948,0.097074644
0xA8c4e3ce1743D0f2A6c227548C982a7C40569940,0.001062107
0xA9F51db4725f0EAf9d530Bae8db0fd858D505547,0.012360943
0xA9b36da931a19a7619b6bD5835a3765DCcD7c298,0.010127806
0xAAd92B0E49cA414Ee048DF222DA190B3fc4C27EA,8.51E-05
0xAB12253171A0d73df64B115cD43Fe0A32Feb9dAA,0.000969167
0xAD27C490EfD068C35A66fEfCD953a8D91dC987b2,0.030204182
0xAE8Ec0F2279440c23fA776696198679e4ddce0c7,7.57E-05
0xAEA6355e4E8cf659a2c783E1C8c9c183a44AA6CF,0.000119117
0xAa5CDa5e790Aa465756cF8a0836C6e4BCdcCDF4d,0.013321225
0xAb387C92b38d1AACbe5E0D0af0E72821Cd02CFa3,0.002089404
0xAca3b4110403F3c4dacb35A7B3Aa0a84eFb6A3e9,0.012694724
0xAe1E5C84B73136a49eFb70a15149c350015391eD,2.87676148
0xB0D9e982F5F757cf57820B21805836087309079C,0.000236381
0xB17bD1f48B1cA277afd63ddffF60D17346a554b3,2.01E-05
0xB24Ad8E616dcFA3B54091744d7D68e748A3a12D9,0.000212458
0xB25ba6CB5bcBdE6953Dfb7Ecb16B1c38351B6399,0.000119117
0xB37EDA40830dF178f3BB5D4047681a8507a23313,0.211167995
0xB656744D0a893F98df21DF88dA2eE183D620BB59,0.000925318
0xB73faC0d913a28Cd2dB7eB42F763Cb486f11FE8b,0.018524491
0xB76Cb23B716384ea0B848273f01f33a0ECaf2272,0.138262256
0xB8110d5F2c76A2C8f7368bD0e291B7b8F5d82e70,0.000335163
0xB96769265A38b34f616EbBf15947a2F85EbfA445,0.251517551
0xB96C50F2fE0Ab15B8EdEfBa41c09Fb3e70466841,1.76E-05
0xBB65143889C8a342a06CAEC1F9c291ADE374aa9B,0.000119118
0xBB67bCe8D0E63082A5A349B35439F14C167E08F6,0.000596207
0xBD1f7d88C76A86C60d41bDDD4819fAe404e7151E,0.073711294
0xBbb2d07823a2E97E84969382233461ac82D1079d,0.003262909
0xBc8867Ac24eA5Ae452204396875342466D28aF69,0.00113928
0xBfFea9940D67AcE3AA0E2bef95579fa488FeDe46,0.000331143
0xC074E6fE27459284664AE7bF64f927A834FAC40E,0.270286729
0xC10898edA672fDFc4Ac0228bB1Da9b2bF54C768f,0.000158542
0xC2ae717788f69f52e49F273bA1cd9b39991c4776,0.000171625
0xC2dD122D5737a81A8476E2e9D86979031985cEFF,0.008446178
0xC3ec9F6AD2BAe9E2a320cDCd2355Ce3AcD576E1c,0.004160451
0xC4E4Cbb33c3C043e999e53b1f1B487874beF85F7,0.001472073
0xC7921FDc43aD1b02074139feD1B3D0865EbEbfb6,7.63E-05
0xC7Dd5979eaB960A9870554fF32E4D53af75e9A9C,0.03593915
0xC887b3406424838aE65456860278a5e6e40fCb08,0.000214177
0xC8bc031067bFaFAef862DAb9cB365A8a9C3572Ee,0.283892552
0xCAFA92cF95c281f8906987D293eff535600fE73c,0.001155407
0xCB36bbBEB8Ea1900472BbD35032C3f0000cCDf2F,0.000905126
0xCB6f605A893a0FE225BE29f030341cb527b13c68,0.000503121
0xCBdb9298828f641fF49145A78A869Dd9098F41A5,0.049130305
0xCCe853ECB829d914d119724761e3deb6ad982047,0.00123789
0xCD101b45A604c3c49cD2115c6195B53a5449640F,0.000354354
0xCD7f6b72049C3b54416f9F26392cB271e74ca3FD,0.053624861
0xCDEb3461Dce9B17a5d28893f44141C4e695b68D1,0.017161382
0xCDcf6D59b9bC9096dBc9898742f42dE4c80e5Cc4,0.089617408
0xCb114805B901F7a9c38d5675272eF26459a7D805,0.270286733
0xCf94A34286029A524639884aE3202c730DAd5244,0.007563357
0xD0F2bC7A51b179a8090dA0EF44b90007f9bC8837,0.024634167
0xD2A78Bb82389D30075144d17E782964918999F7f,0.512198111
0xD3Fb28778630b99d76e4e4A68be58b50C38792A0,0.002551524
0xD60e645C391ED4374829D7Ec6439B7E1C7a5438c,0.000153906
0xD610086899bBE55f08F4590B2197aeD9966e8C73,0.005418101
0xD80d57e2d1cBF09b14626EC3974f12c1952917C8,0.001305146
0xD8Aa8b1b0d7c5cb089652c219b17204111Ee25aF,0.067230761
0xDA38eE29E3d86a5e7971d05C4B5ce5502381fb1c,2.383208386
0xDA4023f9A8A876DB1E2E0d50257A24b86945648A,1.01E-05
0xDE3b47bA2246490EF6B2254B8A46dEc3747137F2,0.000503121
0xDa155ADEC93A1e45196af0Ffc9A0581f413A825D,0.001061544
0xDd47D3dB30809a107c1DD59417A61230458d278e,0.000201243
0xE003c7e524e36dbb103C2DA08b157404e318AeF2,0.000196586
0xE08D5eA1F08B64D128Ed258Ef8E9Bf1Dab25D20c,0.08347181
0xE30cdC6161a102Ed8A124Ba7563758A735B51A5B,0.018527976
0xE327D7762A3a79739468ae84b95669c5966B8fb2,0.061537436
0xE42D15539D9f0a5aDAB3869369992439ccDE39CC,0.000611967
0xE46c821441771cf14F1d07602B27C64cA3341a12,0.013584663
0xE4FdFafc59e1d6f67c4B65f6383417a51F98DFC9,0.001458895
0xE514c76AAEc94e9b2B936859AAfE789764489434,7.58E-05
0xE6eAB75b9FAABd43A285C3D8BFDFa4F16ABb8091,0.000407418
0xE71C2648640A9ffE9FAcdD6c0C33EE55E1DC35CE,0.001389681
0xE773c91f242bd1cB26889ff0210f7cf3815DdC99,0.000959435
0xE91ef4CCDD8cEbF393a3adCD9338bDd3e98a98E9,0.000272113
0xE9DC344142F633B2ff50B969A9e75DD789CA2d31,0.002680514
0xECa622A39c03Ab4cB191BC09c9Cc0DaDb216EaDD,0.007717594
0xEDB7AF625443Bec75d53544e091Ee3492ede8BC2,0.000132624
0xEE5CE06aCcCE11BC77c5A93723C8032D9108f22d,0.050363032
0xEFF19F1fB4659780F0970db382F859cB50F41b78,0.002715834
0xEFfdc0Cfcf0131c39208c14033142b6c2D1a863F,0.004368058
0xEc42a4b790B8547D9F8Caf1c9B045a956a56A55a,0.000119118
0xEfce38f31Ebeb9637E85D3487595261FDf6ebeEb,0.027028664
0xF364898cf6Cefd905c51966A64E98D35918149ba,0.037462083
0xF3D7459C7F6F75252AAdF594D2Ea74F04B359F82,0.012590706
0xF51Eb6545894686AC1D056DA1F0280a80e2fdc59,0.000119117
0xF5D14eE784e6D780f25E34Af31dC2e7Ca908ab88,0.001250884
0xF6a63B49A6DE2EbB84ab1E662bfa36DBD794643a,0.000185744
0xF6aaadA76eA7f044ffA028565b028740Dce5389F,1.880912934
0xF6eF00dcBBd37784002DDAc34aa88F2cE060149e,0.001548421
0xF7B2a7e7d1462905571dFfa7a21Fa6a4593A0b0F,0.000492308
0xF7E51D0E55B6793fc2865C2a7E8318ABa864e454,0.011565203
0xF7cd36D292e39845e2dd8F0987CEa804f05Aa012,0
0xF940CE19B9Cd0B9efd586381b488cEfB75EB413F,2.786222526
0xF99FDe2C6B1F628139c4EcB048936C6F61889c5a,0.000119118
0xFEC436Ee6D59CcBd59004665Ec28332BF33db1d5,0.000282917
0xa466f61Eb4150e765179A85Fd91A2E0362B094Ee,0.002248387
0xa5580D01b6d1862f966AA54bcCDc18954EfF4616,0.000274001
0xa59237689d56c8c5d46f239eCf217aDF9643c51c,0.00038951
0xa5E0Ecb5D075e86C3bf5d1B1042e154FEe9a4798,0.425715705
0xa6968F5f16D7a1a187457808F7a8022d52C1d89F,0.000196531
0xa7bc9D8d90d0512B0cC929fCcCD438F91A1D3329,0.000366595
0xa963e3c22BBCe591e8520Ae545205389CB0E2590,0.086867924
0xaA82f010293147F3aB6dF648A6479BdaBb1956c6,0.416216649
0xaD05ba85fd9035227EC2c9b259983d1A8CCd0126,8.06E-05
0xaD3532392b4a3D427f3AF5c7DD3b3Dd882F74439,0.001149475
0xaF4E0fE30Ec67D6957F89815A044d7D49422A8D2,0.000719232
0xafe9e675acfC99FF6b24e07E5F81C8BE11d5d18b,0.025151313
0xb14d56ce29dADE0316EA5Df06D491636a7c4F3C8,0.070096502
0xb15e535dFFdf3fe70290AB89AecC3F18C7078CDc,0.006942769
0xb2693B621504594f9219d835ccC3ABb88e9bb918,0.001048353
0xb38544cCf295D78B7AE7b2baE5dbEbDB1f09910D,0.002790751
0xb4DC972E4D600e9f5eEE60F12917800a7881f8d0,0.328571841
0xb5a2D4Ce4EF6F6643cB954211f02c5a6D11FdD4c,0.005008607
0xb84F2022A67EA830B40D897742C4e731fFe9bFEe,2.76E-05
0xb9c67cb217470A6F44B9e39323660ec47cBc2A08,0.000287237
0xbA00D84Ddbc8cAe67C5800a52496E47A8CaFcd27,0
0xbDfA4f4492dD7b7Cf211209C4791AF8d52BF5c50,0.041174971
0xbE7aE9e43d4373BCe5b2d9195bbe31f6A7a0DB6f,0.052135661
0xbF4E827Cae9c7F7B4B4a80127654b819D514223e,0.015880176
0xbaEbb41cfE34701A697824776d1CD60C3Ed742f1,5.06E-05
0xbab70C96C0f7836bdAb5a888E470BBaac06c089a,0.005302424
0xbf277A67Adc411B86553410b5Ae0Dc5DF1027F01,0.001553133
0xc046470980F8C5F83870881F002050309cF2b105,0.135143441
0xc0555149B5A5D96AC016d3425b7986504190c3a0,0.000291782
0xc0A7ab57bcf0884413c7e8630f62908308453362,0.022070185
0xc12A9F690AFf7134F9D7EbE9265E78aFf6Ae8AAd,2.655231388
0xc4fb550FA8F2A6e5178711e56D5b48DEdF897e5e,0.000205883
0xc5614f397051E6Db3bFAbf9813C6C9b57f232783,16.20321691
0xc7E8c6B92CA7D87BfF756a7970a19a3108172058,0.000422923
0xc887fAdC6baAa8cD234d9104A65b37265522b024,0.14244665
0xc8cd1567ACfABFCBeCc76776Cd92e0B95Fb3A806,0.000191801
0xcAFb4fF79D39949D29E2eC4eb6b42c1E7B4D8B2B,1.061119492
0xcc4076710723e840aD4072bBf8E12F24182d7bE7,0.002010126
0xceb5478582A21E11c71Bb8f77b4659Ca73A10102,0.004125344
0xd0b1A7544F642AA37dEb7Ace048EC53DaFA18C8a,3.66E-05
0xd2B2f14e25cCf9e7D62611586c2fEE55bd96436A,0.000192966
0xd5e089906d0c759F27403f3db7AE76007cA09Dad,0.002686207
0xd6D7Ca297A8575299297496E1E4Fe94544163085,8.11E-05
0xd6D7Ea4833f22edBED3DbD3d71Adf3cdD8E36a01,0.046705842
0xd813A52b1158FC08F69bA52ca72CA4360E255Ba3,3.99E-06
0xd9c3415Bf8600f007A1b4199DF967C25A3E00EeA,0.251517639
0xdB7F7eB6776ea3848e50bB60Be6ff17b7e893ed3,0.001966903
0xdC23f11f93926FCC94001fb7Ea2A955d991fb0F7,0.001458896
0xdD15553673126d386f9E735d0cc56a96E59Cc095,0.024180831
0xdFfE7Da1f56477d5Ebe81A6870BF5fb6cf03758f,1.58E-05
0xdaff5A0fa659aE22B04856659Bbc5A0e7b3DcdD2,0.000383878
0xdb24C5b3D5e29Cf6e9d623607d0bd1dC1CD15238,0.000503111
0xdeFcE36084f1F1C7AF1866d0fF73A547F7F5d3E9,0.002706426
0xe17c347Ffe356B2b0e078D9D21Ad15a73c1d3485,0.008351521
0xe1C02C01AE58d4B116F0f89077B1bc43d3446b32,0.004917968
0xe27ee5f7bBAF3f6FAA29cFe5D4D1cEbe28042B81,0.0002094
0xe2bdDFC5a54417f736f7d1d8356473ce03C94D2F,0.018426996
0xe392035baf6873d0C16ab3810E2095EEEd59E56d,0.001535655
0xe3CD3e5362F0595aD7a11CC522CA4dc4723550E2,0.000695042
0xeB4c341489129843B325E8e77e05206fCB9DF862,0.000225366
0xeb25e8Be394653251E699752FF51dfbB84897501,0.000213265
0xec0042E8CdbfEd706Df1620B98734BC17161f894,0.000143854
0xef764BAC8a438E7E498c2E5fcCf0f174c3E3F8dB,0.599495315
0xf11E739B385e8598c9a6c4B8f36E5b1a4FC30A2B,0.000236785
0xf18ceF01077CDB15a0804A27f6b1E0EC2Ef305EE,0.019075137
0xf3EAB2365c8689D7d429e9Cf03C78b29F07907b1,0.003466119
0xf486d56ccE70c481b3455aF901fCC4F03FeE8107,0.00276877
0xf582A7c87888714Ca875A70b0971f55bde6eB148,0.071128961
0xf58Cba29f6470B31ee213040047662B48025eA1e,0.000264697
0xf5dCb2a47f738d8bA39F9Fa2DdC7592f268a262A,2.515122608
0xf7eBD5877f0E6aB4a09a035eE5FB78Be16A7A569,0
0xfC0aa8E31375E619D4612523295761Ea9b75b552,2.39E-05
0xfC1708fE24383Cc91c46F9ee360e61335ADe5B1a,0.001528404
0xfC78d6a90c1F1Ad535D83DD828c959Ab3CF2dADf,0.003039006
0xfCb5A922877683128cc8B52CD7883CAb12D21229,0.001569572
0xfDf7F859807d1dC73873640759b2706822802529,0.006569875
0xfEFaeE993de8F60551f3805391b5673Dc21082a1,0.062874994
0xfaD5988D2E1bd22c77e360149D45849ffee59222,0.00019573